{"cameraMode":{"drawMode":0,"name":"Shaded","section":"Shading Mode"},"sceneLighting":true,"audioPlay":false,"sceneViewState":{"m_AlwaysRefresh":false,"showFog":true,"showSkybox":true,"showFlares":true,"showImageEffects":true,"showParticleSystems":true,"showVisualEffectGraphs":true,"m_FxEnabled":true},"in2DMode":false,"pivot":{"x":985.1791381835938,"y":533.6204223632813,"z":-19.410919189453126},"rotation":{"x":-0.007474028039723635,"y":-0.0830027312040329,"z":-0.0006217166665010154,"w":0.9965264201164246},"size":819.4034423828125,"orthographic":true}